{
  "config": {
    "k": 10,
    "pool": 50,
    "rrf_k": 60,
    "corpus_n": 500,
    "queries_file": "packages/evaluation/queries/pilot_exoplanet_atmospheres.yaml",
    "n_scored": 29,
    "n_named": 17,
    "n_broad": 12,
    "skipped": [
      "q15"
    ]
  },
  "aggregates": {
    "dense": {
      "named": {
        "recall": 0.7941176470588235,
        "mrr": 0.7848739495798319,
        "n": 17
      },
      "broad": {
        "recall": 0.625,
        "mrr": 0.3740079365079365,
        "n": 12
      },
      "all": {
        "recall": 0.7241379310344828,
        "mrr": 0.6148604269293925,
        "n": 29
      }
    },
    "lexical": {
      "named": {
        "recall": 0.8039215686274509,
        "mrr": 0.7647058823529411,
        "n": 17
      },
      "broad": {
        "recall": 0.5833333333333334,
        "mrr": 0.31746031746031744,
        "n": 12
      },
      "all": {
        "recall": 0.7126436781609196,
        "mrr": 0.5796387520525452,
        "n": 29
      }
    },
    "hybrid": {
      "named": {
        "recall": 0.7941176470588235,
        "mrr": 0.7941176470588235,
        "n": 17
      },
      "broad": {
        "recall": 0.5416666666666666,
        "mrr": 0.3813492063492063,
        "n": 12
      },
      "all": {
        "recall": 0.6896551724137931,
        "mrr": 0.6233169129720854,
        "n": 29
      }
    }
  },
  "per_query": [
    {
      "id": "q01",
      "target": "WASP-39b",
      "query": "JWST CO2 detection in WASP-39b transmission spectrum",
      "kind": "named",
      "n_gold": 3,
      "arms": {
        "dense": {
          "recall": 1.0,
          "rr": 1.0,
          "hit_rank": 1
        },
        "lexical": {
          "recall": 1.0,
          "rr": 1.0,
          "hit_rank": 1
        },
        "hybrid": {
          "recall": 1.0,
          "rr": 1.0,
          "hit_rank": 1
        }
      },
      "diag": {
        "dense_best_rank": 1,
        "lexical_best_rank": 1,
        "corpus_n": 500
      }
    },
    {
      "id": "q02",
      "target": "WASP-39b",
      "query": "sulfur dioxide photochemistry in WASP-39b",
      "kind": "named",
      "n_gold": 1,
      "arms": {
        "dense": {
          "recall": 1.0,
          "rr": 1.0,
          "hit_rank": 1
        },
        "lexical": {
          "recall": 1.0,
          "rr": 1.0,
          "hit_rank": 1
        },
        "hybrid": {
          "recall": 1.0,
          "rr": 1.0,
          "hit_rank": 1
        }
      },
      "diag": {
        "dense_best_rank": 1,
        "lexical_best_rank": 1,
        "corpus_n": 500
      }
    },
    {
      "id": "q03",
      "target": "K2-18b",
      "query": "methane and CO2 in the sub-Neptune K2-18b",
      "kind": "named",
      "n_gold": 2,
      "arms": {
        "dense": {
          "recall": 0.5,
          "rr": 1.0,
          "hit_rank": 1
        },
        "lexical": {
          "recall": 0.5,
          "rr": 1.0,
          "hit_rank": 1
        },
        "hybrid": {
          "recall": 0.5,
          "rr": 1.0,
          "hit_rank": 1
        }
      },
      "diag": {
        "dense_best_rank": 1,
        "lexical_best_rank": 1,
        "corpus_n": 500
      }
    },
    {
      "id": "q04",
      "target": "K2-18b",
      "query": "dimethyl sulfide biosignature claim K2-18b Hycean",
      "kind": "named",
      "n_gold": 2,
      "arms": {
        "dense": {
          "recall": 1.0,
          "rr": 1.0,
          "hit_rank": 1
        },
        "lexical": {
          "recall": 1.0,
          "rr": 1.0,
          "hit_rank": 1
        },
        "hybrid": {
          "recall": 1.0,
          "rr": 1.0,
          "hit_rank": 1
        }
      },
      "diag": {
        "dense_best_rank": 1,
        "lexical_best_rank": 1,
        "corpus_n": 500
      }
    },
    {
      "id": "q05",
      "target": "TRAPPIST-1e",
      "query": "does TRAPPIST-1e have a secondary atmosphere",
      "kind": "named",
      "n_gold": 2,
      "arms": {
        "dense": {
          "recall": 0.5,
          "rr": 0.14285714285714285,
          "hit_rank": 7
        },
        "lexical": {
          "recall": 0.5,
          "rr": 0.25,
          "hit_rank": 4
        },
        "hybrid": {
          "recall": 0.5,
          "rr": 0.5,
          "hit_rank": 2
        }
      },
      "diag": {
        "dense_best_rank": 7,
        "lexical_best_rank": 4,
        "corpus_n": 500
      }
    },
    {
      "id": "q06",
      "target": "TRAPPIST-1b",
      "query": "TRAPPIST-1b dayside thermal emission bare rock",
      "kind": "named",
      "n_gold": 1,
      "arms": {
        "dense": {
          "recall": 1.0,
          "rr": 1.0,
          "hit_rank": 1
        },
        "lexical": {
          "recall": 1.0,
          "rr": 1.0,
          "hit_rank": 1
        },
        "hybrid": {
          "recall": 1.0,
          "rr": 1.0,
          "hit_rank": 1
        }
      },
      "diag": {
        "dense_best_rank": 1,
        "lexical_best_rank": 1,
        "corpus_n": 500
      }
    },
    {
      "id": "q07",
      "target": "HD 189733b",
      "query": "sodium absorption and haze in HD 189733b",
      "kind": "named",
      "n_gold": 2,
      "arms": {
        "dense": {
          "recall": 1.0,
          "rr": 1.0,
          "hit_rank": 1
        },
        "lexical": {
          "recall": 0.5,
          "rr": 0.5,
          "hit_rank": 2
        },
        "hybrid": {
          "recall": 1.0,
          "rr": 1.0,
          "hit_rank": 1
        }
      },
      "diag": {
        "dense_best_rank": 1,
        "lexical_best_rank": 2,
        "corpus_n": 500
      }
    },
    {
      "id": "q08",
      "target": "HD 209458b",
      "query": "water vapor and hydrogen escape from HD 209458b",
      "kind": "named",
      "n_gold": 3,
      "arms": {
        "dense": {
          "recall": 1.0,
          "rr": 1.0,
          "hit_rank": 1
        },
        "lexical": {
          "recall": 0.6666666666666666,
          "rr": 1.0,
          "hit_rank": 1
        },
        "hybrid": {
          "recall": 1.0,
          "rr": 0.5,
          "hit_rank": 2
        }
      },
      "diag": {
        "dense_best_rank": 1,
        "lexical_best_rank": 1,
        "corpus_n": 500
      }
    },
    {
      "id": "q09",
      "target": "55 Cancri e",
      "query": "55 Cancri e lava world outgassed atmosphere",
      "kind": "named",
      "n_gold": 2,
      "arms": {
        "dense": {
          "recall": 1.0,
          "rr": 1.0,
          "hit_rank": 1
        },
        "lexical": {
          "recall": 1.0,
          "rr": 1.0,
          "hit_rank": 1
        },
        "hybrid": {
          "recall": 1.0,
          "rr": 1.0,
          "hit_rank": 1
        }
      },
      "diag": {
        "dense_best_rank": 1,
        "lexical_best_rank": 1,
        "corpus_n": 500
      }
    },
    {
      "id": "q10",
      "target": "GJ 1214b",
      "query": "GJ 1214b flat featureless spectrum high metallicity haze",
      "kind": "named",
      "n_gold": 2,
      "arms": {
        "dense": {
          "recall": 1.0,
          "rr": 1.0,
          "hit_rank": 1
        },
        "lexical": {
          "recall": 1.0,
          "rr": 0.5,
          "hit_rank": 2
        },
        "hybrid": {
          "recall": 1.0,
          "rr": 1.0,
          "hit_rank": 1
        }
      },
      "diag": {
        "dense_best_rank": 1,
        "lexical_best_rank": 2,
        "corpus_n": 500
      }
    },
    {
      "id": "q11",
      "target": "WASP-121b",
      "query": "thermal inversion and metal emission in ultra-hot Jupiter WASP-121b",
      "kind": "named",
      "n_gold": 1,
      "arms": {
        "dense": {
          "recall": 0.0,
          "rr": 0.0,
          "hit_rank": null
        },
        "lexical": {
          "recall": 0.0,
          "rr": 0.0,
          "hit_rank": null
        },
        "hybrid": {
          "recall": 0.0,
          "rr": 0.0,
          "hit_rank": null
        }
      },